Hardware,Num of Hardware,Framework,Model,Input Output Length,Batch Size,Latency,Throughput,area,avg_power,sum_power,Throughput_per_watt_area,Throughput_per_watt_avg,Throughput_per_watt_sum
Nvidia A100 GPU,1,TensorRT-LLM,meta-llama/Llama-2-7b-hf,1024,1,12.79129136,160.1089322,5540372.069,432.8356589,55835800,2.89E-05,0.369907,2.87E-06
Nvidia A100 GPU,1,TensorRT-LLM,meta-llama/Llama-2-7b-hf,128,16,1.808097482,2265.364584,764229.1266,423.9432632,8054922,0.002964248,5.343556,0.00028124
Nvidia A100 GPU,1,TensorRT-LLM,meta-llama/Llama-2-7b-hf,256,16,3.929166734,2084.920431,1671540.523,428.36845,17134738,0.001247305,4.867119,0.000121678
Nvidia A100 GPU,1,TensorRT-LLM,meta-llama/Llama-2-7b-hf,512,16,9.068403959,1806.712634,3948100.305,438.6056264,39913112,0.000457616,4.119219,4.53E-05
Nvidia A100 GPU,1,TensorRT-LLM,meta-llama/Llama-2-7b-hf,1024,16,22.85571831,1433.689353,10551279.92,460.7109261,105963513,0.000135878,3.111907,1.35E-05
Nvidia A100 GPU,1,TensorRT-LLM,meta-llama/Llama-2-7b-hf,2048,16,87.21258575,751.4511746,43218709.04,495.045508,432669774,1.74E-05,1.517944,1.74E-06
Nvidia A100 GPU,1,TensorRT-LLM,meta-llama/Llama-2-7b-hf,1024,32,44.93795162,1458.366428,21691119.01,481.9788891,217372479,6.72E-05,3.025789,6.71E-06
Nvidia A100 GPU,1,TensorRT-LLM,meta-llama/Llama-2-7b-hf,1024,64,90.71978313,1444.800632,39485273.73,506.8445513,395338750,3.66E-05,2.850579,3.65E-06
Nvidia A100 GPU,1,TensorRT-LLM,mistralai/Mistral-7B-v0.1,1024,1,13.99600905,146.3274275,5759659.024,414.3534357,58009481,2.54E-05,0.353146,2.52E-06
Nvidia A100 GPU,1,TensorRT-LLM,mistralai/Mistral-7B-v0.1,128,16,1.92489481,2127.908486,790572.0428,415.77325,8315465,0.002691606,5.117954,0.000255898
Nvidia A100 GPU,1,TensorRT-LLM,mistralai/Mistral-7B-v0.1,256,16,3.992574036,2051.809165,1654888.228,424.1251,16965004,0.001239848,4.837745,0.000120944
Nvidia A100 GPU,1,TensorRT-LLM,mistralai/Mistral-7B-v0.1,512,16,8.535608292,1919.488271,3684267.988,433.5894535,37288693,0.000520996,4.426972,5.15E-05
Nvidia A100 GPU,1,TensorRT-LLM,mistralai/Mistral-7B-v0.1,1024,16,19.2861535,1699.042788,8906207.927,461.2811392,89488541,0.000190771,3.683313,1.90E-05
Nvidia A100 GPU,1,TensorRT-LLM,mistralai/Mistral-7B-v0.1,2048,16,47.4207412,1382.011296,23635462.45,498.6360547,236852126,5.85E-05,2.771583,5.83E-06
Nvidia A100 GPU,1,TensorRT-LLM,mistralai/Mistral-7B-v0.1,1024,32,23.23364198,2820.737276,11732794.94,503.497735,117818470,0.000240415,5.602284,2.39E-05
Nvidia A100 GPU,1,TensorRT-LLM,mistralai/Mistral-7B-v0.1,1024,64,32.42965001,4041.733413,17973848.22,552.9270092,180254205,0.000224867,7.309705,2.24E-05
Nvidia A100 GPU,1,TensorRT-LLM,meta-llama/Meta-Llama-3-8B,1024,1,14.8609221,137.8110986,6171144.637,419.7923243,62129264,2.23E-05,0.328284,2.22E-06
Nvidia A100 GPU,1,TensorRT-LLM,meta-llama/Meta-Llama-3-8B,128,16,2.041041493,2006.818584,842297.679,420.9349048,8839633,0.002382553,4.767527,0.000227025
Nvidia A100 GPU,1,TensorRT-LLM,meta-llama/Meta-Llama-3-8B,256,16,4.234828115,1934.435065,1743941.134,425.2180238,17859157,0.001109232,4.549278,0.000108316
Nvidia A100 GPU,1,TensorRT-LLM,meta-llama/Meta-Llama-3-8B,512,16,9.010318458,1818.359704,3872875.359,435.0702111,39156319,0.000469512,4.179463,4.64E-05
Nvidia A100 GPU,1,TensorRT-LLM,meta-llama/Meta-Llama-3-8B,1024,16,20.19936234,1622.229427,9351750.109,465.1681238,93963961,0.000173468,3.487405,1.73E-05
Nvidia A100 GPU,1,TensorRT-LLM,meta-llama/Meta-Llama-3-8B,2048,16,49.25287229,1330.602602,24870378.16,506.5388659,249217122,5.35E-05,2.626852,5.34E-06
Nvidia A100 GPU,1,TensorRT-LLM,meta-llama/Meta-Llama-3-8B,1024,32,24.2999357,2696.961869,12235081.05,505.48607,122833115,0.000220429,5.335383,2.20E-05
Nvidia A100 GPU,1,TensorRT-LLM,meta-llama/Meta-Llama-3-8B,1024,64,33.70355052,3888.967126,18572567.46,552.6420742,186240379,0.000209393,7.037045,2.09E-05
Nvidia H100 GPU,1,TensorRT-LLM,meta-llama/Meta-Llama-3-8B,1024,1,7.728985405,264.9765645,,651.8960972,,,0.406470549,
Nvidia H100 GPU,1,TensorRT-LLM,meta-llama/Meta-Llama-3-8B,1024,16,10.15716341,3226.097552,,694.428734,,,4.645685574,
Nvidia H100 GPU,1,TensorRT-LLM,meta-llama/Meta-Llama-3-8B,1024,32,12.49275265,5245.921523,,725.0229189,,,7.235525094,
Nvidia H100 GPU,1,TensorRT-LLM,meta-llama/Meta-Llama-3-8B,1024,64,17.48319275,7497.028823,,760.3198803,,,9.860361432,
Nvidia A100 GPU,1,vLLM,meta-llama/Llama-2-7b-hf,128,16,1.135202531,3608.166727,802466.9584,421.8679,8437358,0.004496343,8.552835,0.000427642
Nvidia A100 GPU,1,vLLM,meta-llama/Llama-2-7b-hf,256,16,2.428581522,3373.162452,1837700.622,437.2971395,18803777,0.001835534,7.713662,0.000179387
Nvidia A100 GPU,1,vLLM,meta-llama/Llama-2-7b-hf,512,16,5.446441129,3008.2029,4518898.569,461.1406566,45652925,0.000665694,6.523396,6.59E-05
Nvidia A100 GPU,1,vLLM,meta-llama/Llama-2-7b-hf,1024,1,7.838529323,261.2735011,5982206.758,433.6794964,60281450,4.37E-05,0.602458,4.33E-06
Nvidia A100 GPU,1,vLLM,meta-llama/Llama-2-7b-hf,1024,16,13.16871039,2488.322625,12298312.63,497.7751573,123448239,0.00020233,4.998889,2.02E-05
Nvidia A100 GPU,1,vLLM,meta-llama/Llama-2-7b-hf,1024,32,18.98840657,3451.369116,23669362.99,518.8975055,237136160,0.000145816,6.65135,1.46E-05
Nvidia A100 GPU,1,vLLM,meta-llama/Llama-2-7b-hf,1024,64,32.64119967,4015.538685,46197232.18,528.4772891,462417628,8.69E-05,7.598318,8.68E-06
Nvidia A100 GPU,1,vLLM,meta-llama/Llama-2-7b-hf,2048,16,35.29766169,1856.666897,44601767.32,517.3489606,446472153,4.16E-05,3.58881,4.16E-06
Nvidia A100 GPU,1,vLLM,meta-llama/Meta-Llama-3-8B,128,16,1.165091904,3515.602491,881741.4049,419.2433182,9223353,0.003987113,8.38559,0.000381163
Nvidia A100 GPU,1,vLLM,meta-llama/Meta-Llama-3-8B,256,16,2.39953766,3413.991011,1798005.661,418.2372045,18402437,0.001898765,8.16281,0.000185518
Nvidia A100 GPU,1,vLLM,meta-llama/Meta-Llama-3-8B,512,16,5.043239997,3248.705199,3886499.558,431.7932637,39293187,0.000835895,7.523751,8.27E-05
Nvidia A100 GPU,1,vLLM,meta-llama/Meta-Llama-3-8B,1024,1,8.097759872,252.9094505,6528326.276,441.0837114,65721473,3.87E-05,0.573382,3.85E-06
Nvidia A100 GPU,1,vLLM,meta-llama/Meta-Llama-3-8B,1024,16,11.02468773,2972.23838,8825496.209,450.2401371,88697307,0.000336779,6.601451,3.35E-05
Nvidia A100 GPU,1,vLLM,meta-llama/Meta-Llama-3-8B,1024,32,13.05667387,5019.348775,12218878.75,469.9332989,122652591,0.000410786,10.680981,4.09E-05
Nvidia A100 GPU,1,vLLM,meta-llama/Meta-Llama-3-8B,1024,64,18.80866742,6968.702094,17838780.74,501.1443137,178908520,0.000390649,13.905579,3.90E-05
Nvidia A100 GPU,1,vLLM,meta-llama/Meta-Llama-3-8B,2048,16,25.52988607,2567.030649,22021817.11,482.8087177,220643584,0.000116568,5.316869,1.16E-05
Nvidia A100 GPU,1,vLLM,mistralai/Mistral-7B-v0.1,128,16,1.124162727,3643.600612,848317.1534,423.8225238,8900273,0.004295092,8.596996,0.000409381
Nvidia A100 GPU,1,vLLM,mistralai/Mistral-7B-v0.1,256,16,2.34795506,3488.993525,1783226.246,424.5727674,18256629,0.001956562,8.217657,0.000191108
Nvidia A100 GPU,1,vLLM,mistralai/Mistral-7B-v0.1,512,16,5.042441164,3249.219865,3866287.974,434.4667889,39102011,0.000840398,7.478638,8.31E-05
Nvidia A100 GPU,1,vLLM,mistralai/Mistral-7B-v0.1,1024,16,11.2926889,2901.70041,9221595.16,465.7262864,92679531,0.000314664,6.230485,3.13E-05
Nvidia A100 GPU,1,vLLM,mistralai/Mistral-7B-v0.1,1024,32,21.96782172,2983.272571,13150923.87,485.3153603,132005778,0.000226849,6.14708,2.26E-05
Nvidia A100 GPU,1,vLLM,mistralai/Mistral-7B-v0.1,1024,64,31.23852638,4195.844529,20105068.94,519.2784613,201480043,0.000208696,8.080144,2.08E-05
Habana Gaudi2,1,Deepspeed,meta-llama/Meta-Llama-3-8B,128,1,0.962963029,265.8461356,,722.791,,,0.367805,
Habana Gaudi2,1,Deepspeed,meta-llama/Meta-Llama-3-8B,256,1,1.963774838,260.7223548,,719.558,,,0.362337,
Habana Gaudi2,1,Deepspeed,meta-llama/Meta-Llama-3-8B,512,1,3.955518611,258.8788224,,719.229125,,,0.359939,
Habana Gaudi2,1,Deepspeed,meta-llama/Meta-Llama-3-8B,1024,1,8.038420353,254.776425,,721.6677879,,,0.353038,
Habana Gaudi2,1,Deepspeed,meta-llama/Meta-Llama-3-8B,2048,1,16.56197996,247.3134257,,721.8317463,,,0.342619,
Habana Gaudi2,1,Deepspeed,meta-llama/Meta-Llama-3-8B,128,16,1.18537923,3455.434258,,783.9496,,,4.407725,
Habana Gaudi2,1,Deepspeed,meta-llama/Meta-Llama-3-8B,256,16,2.474482076,3310.591772,,776.8521,,,4.261547,
Habana Gaudi2,1,Deepspeed,meta-llama/Meta-Llama-3-8B,512,16,5.369891759,3051.085708,,765.0929091,,,3.987863,
Habana Gaudi2,1,Deepspeed,meta-llama/Meta-Llama-3-8B,128,32,1.399955706,5851.613708,,827.941,,,7.06767,
Habana Gaudi2,1,Deepspeed,meta-llama/Meta-Llama-3-8B,256,32,2.995298421,5469.905731,,816.7708333,,,6.69699,
Habana Gaudi2,1,Deepspeed,meta-llama/Meta-Llama-3-8B,512,32,6.84419827,4787.704667,,798.9778929,,,5.992287,
Habana Gaudi2,2,Deepspeed,meta-llama/Meta-Llama-3-8B,128,1,0.829202648,308.7303214,,769.192,,,0.40137,
Habana Gaudi2,2,Deepspeed,meta-llama/Meta-Llama-3-8B,256,1,1.601708005,319.6587633,,766.2872857,,,0.417153,
Habana Gaudi2,2,Deepspeed,meta-llama/Meta-Llama-3-8B,512,1,3.18430327,321.5774106,,765.3973077,,,0.420144,
Habana Gaudi2,2,Deepspeed,meta-llama/Meta-Llama-3-8B,1024,1,6.485355137,315.788412,,775.6172308,,,0.407145,
Habana Gaudi2,2,Deepspeed,meta-llama/Meta-Llama-3-8B,2048,1,13.24990606,309.1342671,,775.3173019,,,0.39872,
Habana Gaudi2,2,Deepspeed,meta-llama/Meta-Llama-3-8B,128,16,1.017841059,4024.20394,,791.0082,,,5.087436,
Habana Gaudi2,2,Deepspeed,meta-llama/Meta-Llama-3-8B,256,16,2.118207598,3867.420742,,845.3481111,,,4.574945,
Habana Gaudi2,2,Deepspeed,meta-llama/Meta-Llama-3-8B,512,16,4.412352034,3713.212335,,814.4658889,,,4.559077,
Habana Gaudi2,2,Deepspeed,meta-llama/Meta-Llama-3-8B,128,32,1.278850762,6405.751354,,886.2193333,,,7.228178,
Habana Gaudi2,2,Deepspeed,meta-llama/Meta-Llama-3-8B,256,32,2.63959673,6207.00875,,865.1591818,,,7.174412,
Habana Gaudi2,2,Deepspeed,meta-llama/Meta-Llama-3-8B,512,32,5.646030019,5803.724013,,859.8227391,,,6.749908,
Habana Gaudi2,4,Deepspeed,meta-llama/Meta-Llama-3-8B,128,1,0.656088689,390.1911499,,858.3126667,,,0.454603,
Habana Gaudi2,4,Deepspeed,meta-llama/Meta-Llama-3-8B,256,1,1.470096224,348.2765221,,807.178,,,0.431474,
Habana Gaudi2,4,Deepspeed,meta-llama/Meta-Llama-3-8B,512,1,2.495347674,410.3636582,,846.2257,,,0.484934,
Habana Gaudi2,4,Deepspeed,meta-llama/Meta-Llama-3-8B,1024,1,4.975753599,411.5959441,,849.47645,,,0.484529,
Habana Gaudi2,4,Deepspeed,meta-llama/Meta-Llama-3-8B,2048,1,10.99293379,372.6029902,,839.7793864,,,0.443692,
Habana Gaudi2,4,Deepspeed,meta-llama/Meta-Llama-3-8B,128,16,0.87412693,4685.81834,,980.48225,,,4.779096,
Habana Gaudi2,4,Deepspeed,meta-llama/Meta-Llama-3-8B,256,16,1.582171531,5177.693973,,967.3518571,,,5.352441,
Habana Gaudi2,4,Deepspeed,meta-llama/Meta-Llama-3-8B,512,16,3.099674436,5285.7164,,1003.329692,,,5.268175,
Habana Gaudi2,4,Deepspeed,meta-llama/Meta-Llama-3-8B,128,32,0.933761482,8773.118358,,1142.2035,,,7.680872,
Habana Gaudi2,4,Deepspeed,meta-llama/Meta-Llama-3-8B,256,32,1.747570414,9375.301773,,1132.569,,,8.277908,
Habana Gaudi2,4,Deepspeed,meta-llama/Meta-Llama-3-8B,512,32,3.696466244,8864.682601,,1092.920933,,,8.111001,
Habana Gaudi2,2,Deepspeed,meta-llama/Llama-2-70b-hf,128,1,4.726529349,54.16236335,,872.2342632,,,0.0621,
Habana Gaudi2,2,Deepspeed,meta-llama/Llama-2-70b-hf,256,1,9.492064021,53.93979633,,876.6995789,,,0.0615,
Habana Gaudi2,2,Deepspeed,meta-llama/Llama-2-70b-hf,512,1,19.10049272,53.61118244,,877.168039,,,0.0611,
Habana Gaudi2,2,Deepspeed,meta-llama/Llama-2-70b-hf,1024,1,38.3794851,53.36184148,,875.3776364,,,0.061,
Habana Gaudi2,2,Deepspeed,meta-llama/Llama-2-70b-hf,2048,1,77.70020415,52.71543421,,874.610074,,,0.0603,
Habana Gaudi2,2,Deepspeed,meta-llama/Llama-2-70b-hf,128,16,6.076977987,674.0192261,,948.20848,,,0.710834,
Habana Gaudi2,2,Deepspeed,meta-llama/Llama-2-70b-hf,256,16,12.22643938,670.0233607,,964.9560408,,,0.694356,
Habana Gaudi2,2,Deepspeed,meta-llama/Llama-2-70b-hf,128,32,7.430395678,1102.498488,,1023.463867,,,1.077223,
Habana Gaudi2,4,Deepspeed,meta-llama/Llama-2-70b-hf,128,1,2.929431176,87.38897916,,1112.933083,,,0.0785,
Habana Gaudi2,4,Deepspeed,meta-llama/Llama-2-70b-hf,256,1,5.743822911,89.13923844,,1096.319565,,,0.0813,
Habana Gaudi2,4,Deepspeed,meta-llama/Llama-2-70b-hf,512,1,11.6446383,87.93746733,,1114.899723,,,0.0789,
Habana Gaudi2,4,Deepspeed,meta-llama/Llama-2-70b-hf,1024,1,23.24802188,88.09351652,,1110.944419,,,0.0793,
Habana Gaudi2,4,Deepspeed,meta-llama/Llama-2-70b-hf,2048,1,47.23444664,86.71637525,,1107.870243,,,0.0783,
Habana Gaudi2,4,Deepspeed,meta-llama/Llama-2-70b-hf,128,16,3.584723104,1142.626608,,1266.9234,,,0.901891,
Habana Gaudi2,4,Deepspeed,meta-llama/Llama-2-70b-hf,256,16,7.242951198,1131.030677,,1260.18969,,,0.897508,
Habana Gaudi2,4,Deepspeed,meta-llama/Llama-2-70b-hf,128,32,4.221089423,1940.731214,,1386.565176,,,1.399668,
Habana Gaudi2,1,Deepspeed,meta-llama/Llama-2-7b-hf,128,1,0.882674025,290.0277937,,712.99175,,,0.406776,
Habana Gaudi2,1,Deepspeed,meta-llama/Llama-2-7b-hf,256,1,1.779717334,287.6861343,,715.334375,,,0.40217,
Habana Gaudi2,1,Deepspeed,meta-llama/Llama-2-7b-hf,512,1,3.63575952,281.6467905,,716.4949333,,,0.39309,
Habana Gaudi2,1,Deepspeed,meta-llama/Llama-2-7b-hf,1024,1,7.535982892,271.762825,,720.0389355,,,0.377428,
Habana Gaudi2,1,Deepspeed,meta-llama/Llama-2-7b-hf,2048,1,16.23157643,252.3476396,,720.9038615,,,0.350043,
Habana Gaudi2,1,Deepspeed,meta-llama/Llama-2-7b-hf,128,16,1.153703714,3550.304944,,781.2294,,,4.54451,
Habana Gaudi2,1,Deepspeed,meta-llama/Llama-2-7b-hf,256,16,2.601071144,3149.471716,,769.6727273,,,4.091962,
Habana Gaudi2,1,Deepspeed,meta-llama/Llama-2-7b-hf,512,16,6.439969437,2544.111453,,753.6735385,,,3.375615,
Habana Gaudi2,1,Deepspeed,meta-llama/Llama-2-7b-hf,1024,16,17.80002952,1840.895823,,745.0716806,,,2.470763,
Habana Gaudi2,1,Deepspeed,meta-llama/Llama-2-7b-hf,2048,16,55.84122112,1173.613304,,732.0094107,,,1.603276,
Habana Gaudi2,1,Deepspeed,meta-llama/Llama-2-7b-hf,128,32,1.465030361,5591.69299,,819.6933333,,,6.821689,
Habana Gaudi2,1,Deepspeed,meta-llama/Llama-2-7b-hf,256,32,3.55006793,4615.122956,,783.5849333,,,5.889755,
Habana Gaudi2,1,Deepspeed,meta-llama/Llama-2-7b-hf,512,32,9.594831145,3415.172138,,768.4855128,,,4.444029,
Habana Gaudi2,1,Deepspeed,meta-llama/Llama-2-7b-hf,128,64,2.084959237,7858.187206,,840.9496667,,,9.34442,
Habana Gaudi2,1,Deepspeed,meta-llama/Llama-2-7b-hf,256,64,5.391198078,6078.055291,,819.3792727,,,7.417878,
Habana Gaudi2,1,Deepspeed,meta-llama/Llama-2-7b-hf,512,64,15.78810437,4150.973318,,774.551375,,,5.359197,
Habana Gaudi2,2,Deepspeed,meta-llama/Llama-2-7b-hf,128,1,0.758929181,337.3173761,,750.58525,,,0.449406,
Habana Gaudi2,2,Deepspeed,meta-llama/Llama-2-7b-hf,256,1,1.504449512,340.3238167,,746.324,,,0.456,
Habana Gaudi2,2,Deepspeed,meta-llama/Llama-2-7b-hf,512,1,3.042885965,336.522634,,755.4190769,,,0.445478,
Habana Gaudi2,2,Deepspeed,meta-llama/Llama-2-7b-hf,1024,1,6.232973089,328.5751391,,768.82824,,,0.427371,
Habana Gaudi2,2,Deepspeed,meta-llama/Llama-2-7b-hf,2048,1,12.97286028,315.736076,,774.2748077,,,0.407783,
Habana Gaudi2,2,Deepspeed,meta-llama/Llama-2-7b-hf,128,16,0.996163305,4111.775629,,843.293,,,4.875856,
Habana Gaudi2,2,Deepspeed,meta-llama/Llama-2-7b-hf,256,16,2.107412752,3887.230915,,841.7131111,,,4.618237,
Habana Gaudi2,2,Deepspeed,meta-llama/Llama-2-7b-hf,512,16,4.798254131,3414.575292,,828.17875,,,4.122993,
Habana Gaudi2,2,Deepspeed,meta-llama/Llama-2-7b-hf,1024,16,12.10937615,2706.002323,,846.0350816,,,3.198452,
Habana Gaudi2,2,Deepspeed,meta-llama/Llama-2-7b-hf,2048,16,34.2240121,1914.912834,,860.8034818,,,2.224564,
Habana Gaudi2,2,Deepspeed,meta-llama/Llama-2-7b-hf,128,32,1.231921875,6649.772332,,902.5748,,,7.367558,
Habana Gaudi2,2,Deepspeed,meta-llama/Llama-2-7b-hf,256,32,2.745808696,5966.912416,,885.3015455,,,6.739977,
Habana Gaudi2,2,Deepspeed,meta-llama/Llama-2-7b-hf,512,32,6.784651211,4829.725063,,871.31675,,,5.543019,
Habana Gaudi2,2,Deepspeed,meta-llama/Llama-2-7b-hf,128,64,1.749989397,9362.342439,,922.6255714,,,10.147499,
Habana Gaudi2,2,Deepspeed,meta-llama/Llama-2-7b-hf,256,64,4.150557442,7894.843153,,880.8105294,,,8.963157,
Habana Gaudi2,2,Deepspeed,meta-llama/Llama-2-7b-hf,512,64,10.73457357,6105.133063,,899.6017209,,,6.786484,
Habana Gaudi2,4,Deepspeed,meta-llama/Llama-2-7b-hf,128,1,0.729324448,351.0097608,,788.9053333,,,0.444933,
Habana Gaudi2,4,Deepspeed,meta-llama/Llama-2-7b-hf,256,1,1.369144943,373.9560246,,788.1035,,,0.474501,
Habana Gaudi2,4,Deepspeed,meta-llama/Llama-2-7b-hf,512,1,2.496061712,410.2462672,,817.1407,,,0.502051,
Habana Gaudi2,4,Deepspeed,meta-llama/Llama-2-7b-hf,1024,1,4.644684764,440.9341223,,855.7472105,,,0.515262,
Habana Gaudi2,4,Deepspeed,meta-llama/Llama-2-7b-hf,2048,1,10.29412396,397.8968989,,851.6247619,,,0.467221,
Habana Gaudi2,4,Deepspeed,meta-llama/Llama-2-7b-hf,128,16,0.745424039,5494.859014,,857.5836667,,,6.407374,
Habana Gaudi2,4,Deepspeed,meta-llama/Llama-2-7b-hf,256,16,1.528663481,5358.929615,,985.5424286,,,5.437543,
Habana Gaudi2,4,Deepspeed,meta-llama/Llama-2-7b-hf,512,16,3.225616785,5079.338648,,1025.763231,,,4.951765,
Habana Gaudi2,4,Deepspeed,meta-llama/Llama-2-7b-hf,1024,16,7.468691415,4387.381695,,1063.004333,,,4.127341,
Habana Gaudi2,4,Deepspeed,meta-llama/Llama-2-7b-hf,2048,16,19.99303175,3277.942075,,1122.97165,,,2.918989,
Habana Gaudi2,4,Deepspeed,meta-llama/Llama-2-7b-hf,128,32,0.856839554,9560.716428,,1102.44275,,,8.672302,
Habana Gaudi2,4,Deepspeed,meta-llama/Llama-2-7b-hf,256,32,1.895593256,8643.204415,,1001.606375,,,8.629342,
Habana Gaudi2,4,Deepspeed,meta-llama/Llama-2-7b-hf,512,32,4.209317068,7784.635719,,1104.218882,,,7.049903,
Habana Gaudi2,4,Deepspeed,meta-llama/Llama-2-7b-hf,128,64,1.142552491,14339.82257,,1256.1346,,,11.415833,
Habana Gaudi2,4,Deepspeed,meta-llama/Llama-2-7b-hf,256,64,2.487406021,13173.56303,,1219.8431,,,10.799391,
Habana Gaudi2,4,Deepspeed,meta-llama/Llama-2-7b-hf,512,64,6.2081263,10556.48626,,1197.65096,,,8.814326,
Habana Gaudi2,2,Deepspeed,Qwen/Qwen2-72B,128,1,4.946936655,51.7491971,,872.8315,,,0.0593,
Habana Gaudi2,2,Deepspeed,Qwen/Qwen2-72B,256,1,10.97142718,46.66667256,,846.0822955,,,0.0552,
Habana Gaudi2,2,Deepspeed,Qwen/Qwen2-72B,512,1,20.15967907,50.7944594,,879.1656173,,,0.0578,
Habana Gaudi2,2,Deepspeed,Qwen/Qwen2-72B,1024,1,40.45919133,50.61890594,,879.1448519,,,0.0576,
Habana Gaudi2,2,Deepspeed,Qwen/Qwen2-72B,2048,1,83.13042396,49.27197294,,873.1967628,,,0.0564,
Habana Gaudi2,4,Deepspeed,Qwen/Qwen2-72B,128,1,3.992128569,64.12619122,,1003.829,,,0.0639,
Habana Gaudi2,4,Deepspeed,Qwen/Qwen2-72B,256,1,6.942778811,73.74568799,,1112.78375,,,0.0663,
Habana Gaudi2,4,Deepspeed,Qwen/Qwen2-72B,512,1,14.19641628,72.13088008,,1094.420404,,,0.0659,
Habana Gaudi2,4,Deepspeed,Qwen/Qwen2-72B,1024,1,27.46489355,74.56792055,,1118.573909,,,0.0667,
Habana Gaudi2,4,Deepspeed,Qwen/Qwen2-72B,2048,1,56.03159055,73.10161928,,1114.572134,,,0.0656,
Habana Gaudi2,1,Deepspeed,Qwen/Qwen2-7B,128,1,0.935657091,273.6045101,,719.60275,,,0.380216,
Habana Gaudi2,1,Deepspeed,Qwen/Qwen2-7B,256,1,1.872282962,273.4629382,,713.94525,,,0.383031,
Habana Gaudi2,1,Deepspeed,Qwen/Qwen2-7B,512,1,3.764138071,272.0410306,,713.931375,,,0.381046,
Habana Gaudi2,1,Deepspeed,Qwen/Qwen2-7B,1024,1,7.617257541,268.8631688,,719.2800323,,,0.373795,
Habana Gaudi2,1,Deepspeed,Qwen/Qwen2-7B,2048,1,15.94165047,256.9370096,,711.9460938,,,0.360894,
Habana Gaudi2,1,Deepspeed,Qwen/Qwen2-7B,128,16,1.11956327,3658.569471,,781.5806,,,4.680988,
Habana Gaudi2,1,Deepspeed,Qwen/Qwen2-7B,256,16,2.306635408,3551.493215,,769.4317,,,4.615736,
Habana Gaudi2,1,Deepspeed,Qwen/Qwen2-7B,512,16,4.882039904,3355.974208,,762.27115,,,4.402599,
Habana Gaudi2,1,Deepspeed,Qwen/Qwen2-7B,1024,16,10.85617151,3018.375305,,760.07625,,,3.971148,
Habana Gaudi2,1,Deepspeed,Qwen/Qwen2-7B,2048,16,30.87025994,2122.949406,,719.426,,,2.950893,
Habana Gaudi2,1,Deepspeed,Qwen/Qwen2-7B,128,32,1.319506746,6208.380537,,826.8928333,,,7.508084,
Habana Gaudi2,1,Deepspeed,Qwen/Qwen2-7B,256,32,2.750238566,5957.301378,,805.7543636,,,7.393446,
Habana Gaudi2,1,Deepspeed,Qwen/Qwen2-7B,512,32,6.045230941,5420.471165,,788.00776,,,6.878703,
Habana Gaudi2,1,Deepspeed,Qwen/Qwen2-7B,128,64,1.706489425,9600.997088,,866.0242857,,,11.086291,
Habana Gaudi2,1,Deepspeed,Qwen/Qwen2-7B,256,64,3.633012514,9019.512009,,856.8339333,,,10.526558,
Habana Gaudi2,1,Deepspeed,Qwen/Qwen2-7B,512,64,8.256656755,7937.353089,,831.4387647,,,9.546528,
Habana Gaudi2,2,Deepspeed,Qwen/Qwen2-7B,128,1,0.832244364,307.6019629,,780.325,,,0.394197,
Habana Gaudi2,2,Deepspeed,Qwen/Qwen2-7B,256,1,1.808541968,283.1009781,,715.073,,,0.395905,
Habana Gaudi2,2,Deepspeed,Qwen/Qwen2-7B,512,1,3.173272345,322.6952775,,773.3396154,,,0.417275,
Habana Gaudi2,2,Deepspeed,Qwen/Qwen2-7B,1024,1,6.164631573,332.217745,,776.49968,,,0.42784,
Habana Gaudi2,2,Deepspeed,Qwen/Qwen2-7B,2048,1,12.69564939,322.6302077,,777.3007647,,,0.415065,
Habana Gaudi2,2,Deepspeed,Qwen/Qwen2-7B,128,16,0.932260592,4393.621306,,890.8385,,,4.932007,
Habana Gaudi2,2,Deepspeed,Qwen/Qwen2-7B,256,16,1.962602887,4174.048685,,867.35225,,,4.812403,
Habana Gaudi2,2,Deepspeed,Qwen/Qwen2-7B,512,16,3.936709587,4161.851322,,838.44775,,,4.963758,
Habana Gaudi2,2,Deepspeed,Qwen/Qwen2-7B,1024,16,8.467233153,3869.977289,,849.4010588,,,4.556125,
Habana Gaudi2,2,Deepspeed,Qwen/Qwen2-7B,2048,16,21.39569394,3063.046246,,824.2048488,,,3.716365,
Habana Gaudi2,2,Deepspeed,Qwen/Qwen2-7B,128,32,1.140231791,7184.504119,,909.7302,,,7.897401,
Habana Gaudi2,2,Deepspeed,Qwen/Qwen2-7B,256,32,2.307845521,7099.261996,,904.0228,,,7.852968,
Habana Gaudi2,2,Deepspeed,Qwen/Qwen2-7B,512,32,4.827880491,6787.2434,,884.4029,,,7.674379,
Habana Gaudi2,2,Deepspeed,Qwen/Qwen2-7B,128,64,1.460713548,11216.43598,,1033.726333,,,10.850489,
Habana Gaudi2,2,Deepspeed,Qwen/Qwen2-7B,256,64,3.065257518,10690.12956,,953.1022308,,,11.216142,
Habana Gaudi2,2,Deepspeed,Qwen/Qwen2-7B,512,64,6.523996638,10045.37611,,960.2521111,,,10.461186,
Habana Gaudi2,4,Deepspeed,Qwen/Qwen2-7B,128,1,0.888837504,288.0166497,,724.312,,,0.397642,
Habana Gaudi2,4,Deepspeed,Qwen/Qwen2-7B,256,1,1.405396524,364.3099946,,850.2658333,,,0.428466,
Habana Gaudi2,4,Deepspeed,Qwen/Qwen2-7B,512,1,2.454349955,417.2184158,,899.8201,,,0.463669,
Habana Gaudi2,4,Deepspeed,Qwen/Qwen2-7B,1024,1,4.972908103,411.8314591,,880.0061,,,0.467987,
Habana Gaudi2,4,Deepspeed,Qwen/Qwen2-7B,2048,1,9.9284643,412.551214,,890.48165,,,0.46329,
Habana Gaudi2,4,Deepspeed,Qwen/Qwen2-7B,128,16,0.728302419,5624.037341,,955.2026667,,,5.887795,
Habana Gaudi2,4,Deepspeed,Qwen/Qwen2-7B,256,16,1.486421186,5511.223923,,1092.5445,,,5.044393,
Habana Gaudi2,4,Deepspeed,Qwen/Qwen2-7B,512,16,2.992849483,5474.381553,,1027.496667,,,5.327883,
Habana Gaudi2,4,Deepspeed,Qwen/Qwen2-7B,1024,16,6.23739463,5253.47552,,1024.71724,,,5.126756,
Habana Gaudi2,4,Deepspeed,Qwen/Qwen2-7B,2048,16,14.42713812,4542.550259,,1013.839845,,,4.48054,
Habana Gaudi2,4,Deepspeed,Qwen/Qwen2-7B,128,32,1.136196348,7210.021414,,945.5364,,,7.625324,
Habana Gaudi2,4,Deepspeed,Qwen/Qwen2-7B,256,32,1.674005159,9787.30556,,1188.420429,,,8.235558,
Habana Gaudi2,4,Deepspeed,Qwen/Qwen2-7B,512,32,3.399353039,9639.481285,,1124.483214,,,8.572366,
Habana Gaudi2,4,Deepspeed,Qwen/Qwen2-7B,128,64,1.22897255,13331.46131,,1052.5012,,,12.666457,
Habana Gaudi2,4,Deepspeed,Qwen/Qwen2-7B,256,64,2.225302387,14725.18979,,1266.601,,,11.625753,
Habana Gaudi2,4,Deepspeed,Qwen/Qwen2-7B,512,64,4.492675105,14587.3001,,1236.464167,,,11.797592,
Habana Gaudi2,1,Deepspeed,mistralai/Mistral-7B-v0.1,128,1,0.925874526,276.4953488,,712.97525,,,0.387805,
Habana Gaudi2,1,Deepspeed,mistralai/Mistral-7B-v0.1,256,1,1.887563548,271.2491458,,713.458125,,,0.380189,
Habana Gaudi2,1,Deepspeed,mistralai/Mistral-7B-v0.1,512,1,3.801298298,269.381648,,713.937,,,0.377319,
Habana Gaudi2,1,Deepspeed,mistralai/Mistral-7B-v0.1,1024,1,7.721444671,265.2353397,,713.8638065,,,0.371549,
Habana Gaudi2,1,Deepspeed,mistralai/Mistral-7B-v0.1,2048,1,15.94762515,256.8407498,,716.2322188,,,0.3586,
Habana Gaudi2,1,Deepspeed,mistralai/Mistral-7B-v0.1,128,16,1.139222953,3595.433176,,778.7434,,,4.616968,
Habana Gaudi2,1,Deepspeed,mistralai/Mistral-7B-v0.1,256,16,2.380855829,3440.77953,,770.7896,,,4.463967,
Habana Gaudi2,1,Deepspeed,mistralai/Mistral-7B-v0.1,512,16,5.182226592,3161.575379,,763.9210952,,,4.138615,
Habana Gaudi2,1,Deepspeed,mistralai/Mistral-7B-v0.1,128,32,1.345078718,6090.349873,,821.7655,,,7.411299,
Habana Gaudi2,1,Deepspeed,mistralai/Mistral-7B-v0.1,256,32,2.885232175,5678.572471,,794.4951667,,,7.147397,
Habana Gaudi2,1,Deepspeed,mistralai/Mistral-7B-v0.1,128,64,1.782829351,9189.886846,,852.74375,,,10.776845,
Habana Gaudi2,1,Deepspeed,mistralai/Mistral-7B-v0.1,256,64,3.929808453,8338.319893,,845.1385625,,,9.866216,
Habana Gaudi2,2,Deepspeed,mistralai/Mistral-7B-v0.1,128,1,1.149878599,222.632198,,668.3494,,,0.333108,
Habana Gaudi2,2,Deepspeed,mistralai/Mistral-7B-v0.1,256,1,1.725772914,296.6786626,,727.1518571,,,0.408001,
Habana Gaudi2,2,Deepspeed,mistralai/Mistral-7B-v0.1,512,1,3.163349721,323.7074906,,758.1153846,,,0.42699,
Habana Gaudi2,2,Deepspeed,mistralai/Mistral-7B-v0.1,1024,1,6.572617567,311.5957956,,751.6028889,,,0.414575,
Habana Gaudi2,2,Deepspeed,mistralai/Mistral-7B-v0.1,2048,1,13.15800988,311.2932759,,759.9719245,,,0.409612,
Habana Gaudi2,2,Deepspeed,mistralai/Mistral-7B-v0.1,128,16,1.159571535,3532.33921,,815.2498,,,4.332831,
Habana Gaudi2,2,Deepspeed,mistralai/Mistral-7B-v0.1,256,16,2.184363074,3750.292292,,781.3117778,,,4.799995,
Habana Gaudi2,2,Deepspeed,mistralai/Mistral-7B-v0.1,512,16,4.248475809,3856.441872,,827.5001765,,,4.660352,
Habana Gaudi2,2,Deepspeed,mistralai/Mistral-7B-v0.1,128,32,1.24280929,6591.518156,,891.3228,,,7.395209,
Habana Gaudi2,2,Deepspeed,mistralai/Mistral-7B-v0.1,256,32,2.429755541,6743.065187,,892.1764,,,7.557995,
Habana Gaudi2,2,Deepspeed,mistralai/Mistral-7B-v0.1,128,64,1.583973346,10343.6084,,942.7458571,,,10.971789,
Habana Gaudi2,4,Deepspeed,mistralai/Mistral-7B-v0.1,128,1,0.742476144,344.7922227,,790.1403333,,,0.436368,
Habana Gaudi2,4,Deepspeed,mistralai/Mistral-7B-v0.1,256,1,1.441954789,355.0735459,,808.2165,,,0.43933,
Habana Gaudi2,4,Deepspeed,mistralai/Mistral-7B-v0.1,512,1,3.441693798,297.5279209,,751.7517143,,,0.39578,
Habana Gaudi2,4,Deepspeed,mistralai/Mistral-7B-v0.1,1024,1,6.242172061,328.0909241,,780.54808,,,0.420334,
Habana Gaudi2,4,Deepspeed,mistralai/Mistral-7B-v0.1,2048,1,12.72035296,322.0036434,,800.4501569,,,0.402278,
Habana Gaudi2,4,Deepspeed,mistralai/Mistral-7B-v0.1,128,16,0.979570798,4181.423138,,922.526,,,4.53258,
Habana Gaudi2,4,Deepspeed,mistralai/Mistral-7B-v0.1,256,16,1.679591895,4877.375287,,948.4894286,,,5.142256,
Habana Gaudi2,4,Deepspeed,mistralai/Mistral-7B-v0.1,512,16,3.396765114,4823.412703,,955.5457857,,,5.047809,
Habana Gaudi2,4,Deepspeed,mistralai/Mistral-7B-v0.1,128,32,1.227582799,6673.276952,,743.4698,,,8.975855,
Habana Gaudi2,4,Deepspeed,mistralai/Mistral-7B-v0.1,256,32,1.732954466,9454.374204,,1121.840571,,,8.427556,
Habana Gaudi2,4,Deepspeed,mistralai/Mistral-7B-v0.1,128,64,1.22661254,13357.11112,,1038.9328,,,12.856569,
Habana Gaudi2,4,Deepspeed,mistralai/Mistral-7B-v0.1,256,64,2.465106991,13292.72933,,1032.2979,,,12.876835,
Habana Gaudi2,2,Deepspeed,meta-llama/Meta-Llama-3-70B,128,1,4.741651928,53.989623,,873.9601053,,,0.0618,
Habana Gaudi2,2,Deepspeed,meta-llama/Meta-Llama-3-70B,256,1,9.672908396,52.93133968,,879.7667179,,,0.0602,
Habana Gaudi2,2,Deepspeed,meta-llama/Meta-Llama-3-70B,512,1,19.2445535,53.20986012,,879.5182597,,,0.0605,
Habana Gaudi2,2,Deepspeed,meta-llama/Meta-Llama-3-70B,1024,1,38.9949394,52.51963541,,871.1695449,,,0.0603,
Habana Gaudi2,2,Deepspeed,meta-llama/Meta-Llama-3-70B,2048,1,78.38083717,52.25767098,,878.9882006,,,0.0595,
Habana Gaudi2,2,Deepspeed,meta-llama/Meta-Llama-3-70B,128,16,6.238152429,656.6046673,,960.5666,,,0.68356,
Habana Gaudi2,4,Deepspeed,meta-llama/Meta-Llama-3-70B,128,1,2.993666239,85.51387482,,1127.6715,,,0.0758,
Habana Gaudi2,4,Deepspeed,meta-llama/Meta-Llama-3-70B,256,1,5.928964113,86.35572593,,1082.387667,,,0.0798,
Habana Gaudi2,4,Deepspeed,meta-llama/Meta-Llama-3-70B,512,1,11.66872047,87.75598001,,1116.472617,,,0.0786,
Habana Gaudi2,4,Deepspeed,meta-llama/Meta-Llama-3-70B,1024,1,23.4549911,87.31617041,,1112.902,,,0.0785,
Habana Gaudi2,4,Deepspeed,meta-llama/Meta-Llama-3-70B,2048,1,47.71622487,85.84082272,,1108.584251,,,0.0774,
Habana Gaudi2,4,Deepspeed,meta-llama/Meta-Llama-3-70B,128,16,3.678644898,1113.45349,,1262.281933,,,0.882096,
Nvidia GH200 GPU,1,vLLM,meta-llama/Llama-2-7b-hf,128,1,0.860721498,297.4248936,,358.3613333,,,0.829958,
Nvidia GH200 GPU,1,vLLM,meta-llama/Llama-2-7b-hf,256,1,1.732882274,295.4615023,,375.1774444,,,0.787525,
Nvidia GH200 GPU,1,vLLM,meta-llama/Llama-2-7b-hf,512,1,3.608803313,283.7505708,,374.244027,,,0.758197,
Nvidia GH200 GPU,1,vLLM,meta-llama/Llama-2-7b-hf,1024,1,7.263120857,281.9724524,,390.8280274,,,0.721474,
Nvidia GH200 GPU,1,vLLM,meta-llama/Llama-2-7b-hf,2048,1,14.68449257,278.9337106,,407.7778591,,,0.684033,
Nvidia GH200 GPU,1,vLLM,meta-llama/Llama-2-7b-hf,128,16,1.079980982,3792.659379,,410.04925,,,9.249278,
Nvidia GH200 GPU,1,vLLM,meta-llama/Llama-2-7b-hf,256,16,2.293681644,3571.550577,,438.9485417,,,8.136604,
Nvidia GH200 GPU,1,vLLM,meta-llama/Llama-2-7b-hf,512,16,5.08068641,3224.76112,,458.8996111,,,7.02716,
Nvidia GH200 GPU,1,vLLM,meta-llama/Llama-2-7b-hf,1024,16,12.1957211,2686.843994,,513.405416,,,5.233377,
Nvidia GH200 GPU,1,vLLM,meta-llama/Llama-2-7b-hf,2048,16,32.64236832,2007.697461,,578.3195273,,,3.471606,
Nvidia GH200 GPU,1,vLLM,meta-llama/Llama-2-7b-hf,128,32,1.328467489,6166.503936,,420.2771429,,,14.67247,
Nvidia GH200 GPU,1,vLLM,meta-llama/Llama-2-7b-hf,256,32,3.038512607,5392.111904,,448.7643333,,,12.015464,
Nvidia GH200 GPU,1,vLLM,meta-llama/Llama-2-7b-hf,512,32,6.980479697,4694.233265,,497.5148889,,,9.435362,
Nvidia GH200 GPU,1,vLLM,meta-llama/Llama-2-7b-hf,1024,32,18.03559558,3633.703124,,555.4698791,,,6.541674,
Nvidia GH200 GPU,1,vLLM,meta-llama/Llama-2-7b-hf,2048,32,52.23611752,2509.221707,,620.413589,,,4.044434,
Nvidia GH200 GPU,1,vLLM,meta-llama/Llama-2-7b-hf,128,64,1.910416418,8576.140702,,424.658,,,20.195406,
Nvidia GH200 GPU,1,vLLM,meta-llama/Llama-2-7b-hf,256,64,4.274438979,7666.035276,,468.641587,,,16.357992,
Nvidia GH200 GPU,1,vLLM,meta-llama/Llama-2-7b-hf,512,64,10.660266,6147.688999,,524.4428182,,,11.722325,
Nvidia GH200 GPU,1,vLLM,meta-llama/Llama-2-7b-hf,1024,64,29.80727017,4397.316469,,594.6471433,,,7.394833,
Nvidia GH200 GPU,1,vLLM,meta-llama/Llama-2-7b-hf,2048,64,109.83406,2386.727761,,614.1685337,,,3.886112,
Nvidia GH200 GPU,1,vLLM,meta-llama/Llama-2-7b-hf,128,1,0.86626409,295.5218887,,351.1635556,,,0.841551,
Nvidia GH200 GPU,1,vLLM,meta-llama/Llama-2-7b-hf,256,1,1.762737266,290.4573528,,361.2263333,,,0.804087,
Nvidia GH200 GPU,1,vLLM,meta-llama/Llama-2-7b-hf,512,1,3.603772992,284.1466436,,368.2722432,,,0.771567,
Nvidia GH200 GPU,1,vLLM,meta-llama/Llama-2-7b-hf,1024,1,7.230190237,283.2567239,,384.2999315,,,0.737072,
Nvidia GH200 GPU,1,vLLM,meta-llama/Meta-Llama-3-8B,128,1,0.948009252,270.0395586,,372.0158,,,0.725882,
Nvidia GH200 GPU,1,vLLM,meta-llama/Meta-Llama-3-8B,256,1,1.887149566,271.3086494,,385.7273,,,0.703369,
Nvidia GH200 GPU,1,vLLM,meta-llama/Meta-Llama-3-8B,512,1,3.784317225,270.5904233,,391.1724103,,,0.691742,
Nvidia GH200 GPU,1,vLLM,meta-llama/Meta-Llama-3-8B,1024,1,7.540136943,271.613104,,395.5623506,,,0.686651,
Nvidia GH200 GPU,1,vLLM,meta-llama/Meta-Llama-3-8B,2048,1,15.29771106,267.7524752,,404.1298377,,,0.662541,
Nvidia GH200 GPU,1,vLLM,meta-llama/Meta-Llama-3-8B,128,16,1.105748634,3704.277694,,407.6444167,,,9.087032,
Nvidia GH200 GPU,1,vLLM,meta-llama/Meta-Llama-3-8B,256,16,2.278965984,3594.61267,,418.40875,,,8.591151,
Nvidia GH200 GPU,1,vLLM,meta-llama/Meta-Llama-3-8B,512,16,4.905629998,3339.836067,,422.8836531,,,7.897766,
Nvidia GH200 GPU,1,vLLM,meta-llama/Meta-Llama-3-8B,1024,16,10.66363345,3072.873814,,428.2049907,,,7.176175,
Nvidia GH200 GPU,1,vLLM,meta-llama/Meta-Llama-3-8B,2048,16,25.04547399,2616.680364,,430.9093123,,,6.072462,
Nvidia GH200 GPU,1,vLLM,meta-llama/Meta-Llama-3-8B,128,32,1.285767461,6371.292048,,424.7012857,,,15.00182,
Nvidia GH200 GPU,1,vLLM,meta-llama/Meta-Llama-3-8B,256,32,2.677100708,6120.053665,,411.5595172,,,14.870398,
Nvidia GH200 GPU,1,vLLM,meta-llama/Meta-Llama-3-8B,512,32,5.787154458,5662.195512,,442.5350172,,,12.79491,
Nvidia GH200 GPU,1,vLLM,meta-llama/Meta-Llama-3-8B,1024,32,13.08007768,5010.367797,,446.9350301,,,11.210506,
Nvidia GH200 GPU,1,vLLM,meta-llama/Meta-Llama-3-8B,2048,32,31.81401367,4119.945422,,466.2061975,,,8.837174,
Nvidia GH200 GPU,1,vLLM,meta-llama/Meta-Llama-3-8B,128,64,1.671736606,9800.586971,,400.5943,,,24.465118,
Nvidia GH200 GPU,1,vLLM,meta-llama/Meta-Llama-3-8B,256,64,3.626109534,9036.682343,,419.9134737,,,21.520344,
Nvidia GH200 GPU,1,vLLM,meta-llama/Meta-Llama-3-8B,512,64,7.975813434,8216.842149,,439.7395366,,,18.685702,
Nvidia GH200 GPU,1,vLLM,meta-llama/Meta-Llama-3-8B,1024,64,19.29438244,6793.272624,,456.2539072,,,14.889237,
Nvidia GH200 GPU,1,vLLM,meta-llama/Meta-Llama-3-8B,2048,64,50.57271673,5183.506384,,475.1309396,,,10.909638,
Nvidia GH200 GPU,1,vLLM,Qwen/Qwen2-7B,128,1,0.977487373,261.8959662,,348.2295,,,0.752079,
Nvidia GH200 GPU,1,vLLM,Qwen/Qwen2-7B,256,1,1.934960524,264.6048814,,361.45875,,,0.732047,
Nvidia GH200 GPU,1,vLLM,Qwen/Qwen2-7B,512,1,3.86747356,264.7723337,,367.8674103,,,0.719749,
Nvidia GH200 GPU,1,vLLM,Qwen/Qwen2-7B,1024,1,7.759561803,263.9324297,,370.8783205,,,0.711642,
Nvidia GH200 GPU,1,vLLM,Qwen/Qwen2-7B,2048,1,15.58515761,262.8141532,,373.9133987,,,0.702874,
Nvidia GH200 GPU,1,vLLM,Qwen/Qwen2-7B,128,16,1.072722583,3818.321778,,395.6170909,,,9.651559,
Nvidia GH200 GPU,1,vLLM,Qwen/Qwen2-7B,256,16,2.200378711,3722.995482,,398.8572174,,,9.334156,
Nvidia GH200 GPU,1,vLLM,Qwen/Qwen2-7B,512,16,4.611204101,3553.084973,,396.0436596,,,8.971448,
Nvidia GH200 GPU,1,vLLM,Qwen/Qwen2-7B,1024,16,10.23109073,3202.786573,,390.9732451,,,8.191831,
Nvidia GH200 GPU,1,vLLM,Qwen/Qwen2-7B,2048,16,22.08702764,2967.171548,,394.0640224,,,7.529669,
Nvidia GH200 GPU,1,vLLM,Qwen/Qwen2-7B,128,32,1.285643099,6371.908352,,393.2014286,,,16.205201,
Nvidia GH200 GPU,1,vLLM,Qwen/Qwen2-7B,256,32,2.645427501,6193.327919,,398.9706207,,,15.523268,
Nvidia GH200 GPU,1,vLLM,Qwen/Qwen2-7B,512,32,5.562570753,5890.801476,,390.5018305,,,15.085208,
Nvidia GH200 GPU,1,vLLM,Qwen/Qwen2-7B,1024,32,12.4089598,5281.345179,,390.9387109,,,13.509394,
Nvidia GH200 GPU,1,vLLM,Qwen/Qwen2-7B,2048,32,29.70836161,4411.95653,,389.2544381,,,11.334377,
Nvidia GH200 GPU,1,vLLM,Qwen/Qwen2-7B,128,64,1.691647316,9685.23394,,414.2269412,,,23.381468,
Nvidia GH200 GPU,1,vLLM,Qwen/Qwen2-7B,256,64,3.467762471,9449.320787,,413.1174444,,,22.873207,
Nvidia GH200 GPU,1,vLLM,Qwen/Qwen2-7B,512,64,7.334878331,8934.844866,,415.6217895,,,21.497537,
Nvidia GH200 GPU,1,vLLM,Qwen/Qwen2-7B,1024,64,16.88454754,7762.83757,,413.2227151,,,18.786086,
Nvidia GH200 GPU,1,vLLM,Qwen/Qwen2-7B,2048,64,42.19603859,6212.526312,,400.421972,,,15.514949,
Nvidia H100 GPU,1,vLLM,BAAI/Aquila-7B,1024,32,19.50761359,3359.508824,,783.9212273,,,4.285518,
Nvidia H100 GPU,1,vLLM,bigscience/bloom-7b1,1024,32,19.57130919,3348.57517,,770.5730758,,,4.345565,
Nvidia H100 GPU,1,vLLM,Deci/DeciLM-7B,1024,32,12.32762895,5316.188561,,622.459592,,,8.540616,
Nvidia H100 GPU,1,vLLM,EleutherAI/gpt-j-6b,1024,32,18.11637458,3617.500825,,764.4364802,,,4.732245,
Nvidia H100 GPU,1,vLLM,meta-llama/Llama-2-7b-hf,1024,32,19.29255694,3396.957708,,773.9531077,,,4.3891,
Nvidia H100 GPU,1,vLLM,huggyllama/llama-7b,1024,32,19.31274205,3393.407307,,778.2856513,,,4.360105,
Nvidia H100 GPU,1,vLLM,facebook/opt-6.7b,1024,32,19.41951473,3374.749622,,774.7645612,,,4.355839,
Nvidia H100 GPU,1,vLLM,Qwen/Qwen1.5-7B,1024,32,19.68455646,3329.310475,,779.079935,,,4.273388,
Nvidia H100 GPU,1,vLLM,Qwen/Qwen2-7B,1024,32,12.54826211,5222.715258,,623.4640709,,,8.376931,
Nvidia H100 GPU,4,vLLM,meta-llama/Meta-Llama-3-70B,128,1,2.385308685,107.3236356,,1671.948125,,,0.0642,
Nvidia H100 GPU,4,vLLM,meta-llama/Meta-Llama-3-70B,256,1,4.774219205,107.2426669,,1687.872271,,,0.0635,
Nvidia H100 GPU,4,vLLM,meta-llama/Meta-Llama-3-70B,512,1,9.544498176,107.2869397,,1703.015167,,,0.063,
Nvidia H100 GPU,4,vLLM,meta-llama/Meta-Llama-3-70B,1024,1,19.11940347,107.1163127,,1706.657469,,,0.0628,
Nvidia H100 GPU,4,vLLM,meta-llama/Meta-Llama-3-70B,2048,1,38.34677146,106.814729,,1717.490091,,,0.0622,
Nvidia H100 GPU,4,vLLM,meta-llama/Meta-Llama-3-70B,128,16,2.682377149,1527.003763,,1792.052407,,,0.852098,
Nvidia H100 GPU,4,vLLM,meta-llama/Meta-Llama-3-70B,256,16,5.547097843,1476.808276,,1780.747418,,,0.829319,
Nvidia H100 GPU,4,vLLM,meta-llama/Meta-Llama-3-70B,512,16,11.44827632,1431.132473,,1742.361,,,0.821375,
Nvidia H100 GPU,4,vLLM,meta-llama/Meta-Llama-3-70B,1024,16,24.21906217,1352.983851,,1724.544967,,,0.784545,
Nvidia H100 GPU,4,vLLM,meta-llama/Meta-Llama-3-70B,2048,16,49.48134579,1324.458722,,1775.160272,,,0.746107,
Nvidia H100 GPU,4,vLLM,meta-llama/Meta-Llama-3-70B,128,32,3.195634441,2563.497218,,1814.215727,,,1.413006,
Nvidia H100 GPU,4,vLLM,meta-llama/Meta-Llama-3-70B,256,32,6.589562836,2486.356137,,1807.340742,,,1.375699,
Nvidia H100 GPU,4,vLLM,meta-llama/Meta-Llama-3-70B,512,32,13.72506727,2387.456422,,1778.41537,,,1.342463,
Nvidia H100 GPU,4,vLLM,meta-llama/Meta-Llama-3-70B,1024,32,29.6560371,2209.870448,,1756.453152,,,1.258144,
Nvidia H100 GPU,4,vLLM,meta-llama/Meta-Llama-3-70B,2048,32,63.45352453,2065.637819,,1792.686481,,,1.152258,
Nvidia H100 GPU,4,vLLM,meta-llama/Meta-Llama-3-70B,128,64,3.703812559,4423.549988,,1878.156263,,,2.355262,
Nvidia H100 GPU,4,vLLM,meta-llama/Meta-Llama-3-70B,256,64,7.547888157,4341.346787,,1874.640909,,,2.315828,
Nvidia H100 GPU,4,vLLM,meta-llama/Meta-Llama-3-70B,512,64,15.99107511,4098.286048,,1873.46337,,,2.187545,
Nvidia H100 GPU,4,vLLM,meta-llama/Meta-Llama-3-70B,1024,64,34.60332821,3787.843736,,1884.029354,,,2.010501,
Nvidia H100 GPU,4,vLLM,meta-llama/Meta-Llama-3-70B,2048,64,81.07048113,3233.532062,,1871.040021,,,1.7282,
Nvidia H100 GPU,1,vLLM,meta-llama/Meta-Llama-3-8B,128,1,1.012568023,252.8225207,,599.598,,,0.421653,
Nvidia H100 GPU,1,vLLM,meta-llama/Meta-Llama-3-8B,256,1,2.037901442,251.2388428,,607.922,,,0.413275,
Nvidia H100 GPU,1,vLLM,meta-llama/Meta-Llama-3-8B,512,1,4.141565977,247.2494717,,608.1178095,,,0.406582,
Nvidia H100 GPU,1,vLLM,meta-llama/Meta-Llama-3-8B,1024,1,8.243811833,248.4287659,,613.386,,,0.405012,
Nvidia H100 GPU,1,vLLM,meta-llama/Meta-Llama-3-8B,2048,1,16.54009761,247.6406184,,614.9194048,,,0.40272,
Nvidia H100 GPU,1,vLLM,meta-llama/Meta-Llama-3-8B,128,16,1.262782818,3243.629816,,620.5873333,,,5.22671,
Nvidia H100 GPU,1,vLLM,meta-llama/Meta-Llama-3-8B,256,16,2.450203239,3343.396119,,635.14172,,,5.264016,
Nvidia H100 GPU,1,vLLM,meta-llama/Meta-Llama-3-8B,512,16,5.190738047,3156.391221,,636.5140962,,,4.958871,
Nvidia H100 GPU,1,vLLM,meta-llama/Meta-Llama-3-8B,1024,16,11.23711978,2916.049722,,643.3126991,,,4.532865,
Nvidia H100 GPU,1,vLLM,meta-llama/Meta-Llama-3-8B,2048,16,26.02573704,2518.12273,,650.7227909,,,3.869732,
Nvidia H100 GPU,1,vLLM,meta-llama/Meta-Llama-3-8B,128,32,1.342154766,6103.618008,,642.8568571,,,9.494521,
Nvidia H100 GPU,1,vLLM,meta-llama/Meta-Llama-3-8B,256,32,2.838634845,5771.788516,,637.4184138,,,9.054945,
Nvidia H100 GPU,1,vLLM,meta-llama/Meta-Llama-3-8B,512,32,5.986412403,5473.729138,,655.8943607,,,8.345443,
Nvidia H100 GPU,1,vLLM,meta-llama/Meta-Llama-3-8B,1024,32,13.55327889,4835.435064,,670.4891985,,,7.211802,
Nvidia H100 GPU,1,vLLM,meta-llama/Meta-Llama-3-8B,2048,32,32.84376491,3990.772689,,692.958203,,,5.759038,
Nvidia H100 GPU,1,vLLM,meta-llama/Meta-Llama-3-8B,128,64,1.779936282,9204.823884,,637.14,,,14.447098,
Nvidia H100 GPU,1,vLLM,meta-llama/Meta-Llama-3-8B,256,64,3.743018348,8754.432106,,648.9301579,,,13.490561,
Nvidia H100 GPU,1,vLLM,meta-llama/Meta-Llama-3-8B,512,64,8.21643462,7976.209029,,663.2216786,,,12.02646,
Nvidia H100 GPU,1,vLLM,meta-llama/Meta-Llama-3-8B,1024,64,19.47825804,6729.143836,,684.6859388,,,9.828074,
Nvidia H100 GPU,1,vLLM,meta-llama/Meta-Llama-3-8B,2048,64,50.84537559,5155.709776,,716.7029824,,,7.193649,
Nvidia H100 GPU,2,vLLM,meta-llama/Meta-Llama-3-8B,128,1,0.810393852,315.8957825,,732.4378889,,,0.431294,
Nvidia H100 GPU,2,vLLM,meta-llama/Meta-Llama-3-8B,256,1,1.61323495,317.3747259,,745.0915882,,,0.425954,
Nvidia H100 GPU,2,vLLM,meta-llama/Meta-Llama-3-8B,512,1,3.222040674,317.8110097,,747.8311515,,,0.424977,
Nvidia H100 GPU,2,vLLM,meta-llama/Meta-Llama-3-8B,1024,1,6.469435914,316.5654668,,750.2497879,,,0.421947,
Nvidia H100 GPU,2,vLLM,meta-llama/Meta-Llama-3-8B,2048,1,12.99750435,315.1374209,,760.8102519,,,0.414213,
Nvidia H100 GPU,2,vLLM,meta-llama/Meta-Llama-3-8B,128,16,0.961954079,4257.999513,,780.8058,,,5.45334,
Nvidia H100 GPU,2,vLLM,meta-llama/Meta-Llama-3-8B,256,16,2.052318623,3991.582939,,785.3928,,,5.082276,
Nvidia H100 GPU,2,vLLM,meta-llama/Meta-Llama-3-8B,512,16,4.182951303,3916.851719,,782.7167442,,,5.004175,
Nvidia H100 GPU,2,vLLM,meta-llama/Meta-Llama-3-8B,1024,16,9.253407971,3541.181811,,780.362,,,4.537871,
Nvidia H100 GPU,2,vLLM,meta-llama/Meta-Llama-3-8B,2048,16,20.34083659,3221.893048,,817.5638058,,,3.940846,
Nvidia H100 GPU,2,vLLM,meta-llama/Meta-Llama-3-8B,128,32,1.112204858,7365.549558,,790.28525,,,9.320115,
Nvidia H100 GPU,2,vLLM,meta-llama/Meta-Llama-3-8B,256,32,2.367868429,6919.30337,,791.0191667,,,8.747327,
Nvidia H100 GPU,2,vLLM,meta-llama/Meta-Llama-3-8B,512,32,4.93613934,6638.386347,,804.8988235,,,8.247479,
Nvidia H100 GPU,2,vLLM,meta-llama/Meta-Llama-3-8B,1024,32,11.11196961,5897.784309,,823.9413482,,,7.158015,
Nvidia H100 GPU,2,vLLM,meta-llama/Meta-Llama-3-8B,2048,32,26.70976472,4907.268985,,850.3808376,,,5.770672,
Nvidia H100 GPU,2,vLLM,meta-llama/Meta-Llama-3-8B,128,64,1.441549262,11365.54985,,768.2141875,,,14.794767,
Nvidia H100 GPU,2,vLLM,meta-llama/Meta-Llama-3-8B,256,64,3.075858147,10653.28713,,790.7715,,,13.472017,
Nvidia H100 GPU,2,vLLM,meta-llama/Meta-Llama-3-8B,512,64,6.824278755,9603.359176,,807.786029,,,11.888494,
Nvidia H100 GPU,2,vLLM,meta-llama/Meta-Llama-3-8B,1024,64,15.53740106,8435.902471,,850.5301026,,,9.918406,
Nvidia H100 GPU,2,vLLM,meta-llama/Meta-Llama-3-8B,2048,64,39.25314298,6678.293255,,893.7208509,,,7.47246,
Nvidia H100 GPU,4,vLLM,meta-llama/Meta-Llama-3-8B,128,1,0.633064746,404.3820187,,1060.148714,,,0.381439,
Nvidia H100 GPU,4,vLLM,meta-llama/Meta-Llama-3-8B,256,1,1.256501246,407.4806942,,1072.339308,,,0.379992,
Nvidia H100 GPU,4,vLLM,meta-llama/Meta-Llama-3-8B,512,1,2.519195537,406.4789672,,1076.889269,,,0.377457,
Nvidia H100 GPU,4,vLLM,meta-llama/Meta-Llama-3-8B,1024,1,5.040154407,406.3367577,,1083.927804,,,0.374874,
Nvidia H100 GPU,4,vLLM,meta-llama/Meta-Llama-3-8B,2048,1,10.20213379,401.4846388,,1093.808594,,,0.367052,
Nvidia H100 GPU,4,vLLM,meta-llama/Meta-Llama-3-8B,128,16,0.761495841,5378.886895,,1108.569875,,,4.852095,
Nvidia H100 GPU,4,vLLM,meta-llama/Meta-Llama-3-8B,256,16,1.580327459,5183.735784,,1122.66325,,,4.617356,
Nvidia H100 GPU,4,vLLM,meta-llama/Meta-Llama-3-8B,512,16,3.388271188,4835.50433,,1103.744314,,,4.381,
Nvidia H100 GPU,4,vLLM,meta-llama/Meta-Llama-3-8B,1024,16,7.47344217,4384.592702,,1120.103027,,,3.914455,
Nvidia H100 GPU,4,vLLM,meta-llama/Meta-Llama-3-8B,2048,16,15.76226463,4157.778183,,1170.109037,,,3.553325,
Nvidia H100 GPU,4,vLLM,meta-llama/Meta-Llama-3-8B,128,32,0.913158709,8971.058283,,1137.0167,,,7.889997,
Nvidia H100 GPU,4,vLLM,meta-llama/Meta-Llama-3-8B,256,32,1.908522434,8584.651512,,1132.851238,,,7.577916,
Nvidia H100 GPU,4,vLLM,meta-llama/Meta-Llama-3-8B,512,32,4.126867754,7940.162359,,1128.273814,,,7.037443,
Nvidia H100 GPU,4,vLLM,meta-llama/Meta-Llama-3-8B,1024,32,9.475236476,6916.55561,,1144.785198,,,6.041793,
Nvidia H100 GPU,4,vLLM,meta-llama/Meta-Llama-3-8B,2048,32,21.44045302,6113.303663,,1207.597779,,,5.062367,
Nvidia H100 GPU,4,vLLM,meta-llama/Meta-Llama-3-8B,128,64,1.239248839,13220.91212,,1060.084857,,,12.47156,
Nvidia H100 GPU,4,vLLM,meta-llama/Meta-Llama-3-8B,256,64,2.679572108,12228.81814,,1083.362655,,,11.287834,
Nvidia H100 GPU,4,vLLM,meta-llama/Meta-Llama-3-8B,512,64,5.750257037,11397.05575,,1106.604517,,,10.299123,
Nvidia H100 GPU,4,vLLM,meta-llama/Meta-Llama-3-8B,1024,64,13.53553266,9683.54946,,1144.767307,,,8.458968,
Nvidia H100 GPU,4,vLLM,meta-llama/Meta-Llama-3-8B,2048,64,33.71968218,7774.21325,,1180.674081,,,6.584555,
Nvidia H100 GPU,2,vLLM,mistralai/Mixtral-8x7B-v0.1,128,1,1.150233592,222.5634878,,802.3836667,,,0.277378,
Nvidia H100 GPU,2,vLLM,mistralai/Mixtral-8x7B-v0.1,256,1,2.281272217,224.4361704,,796.77225,,,0.281682,
Nvidia H100 GPU,2,vLLM,mistralai/Mixtral-8x7B-v0.1,512,1,6.20404778,165.0535322,,806.464587,,,0.204663,
Nvidia H100 GPU,2,vLLM,mistralai/Mixtral-8x7B-v0.1,1024,1,9.111914437,224.7606707,,811.7994348,,,0.276867,
Nvidia H100 GPU,2,vLLM,mistralai/Mixtral-8x7B-v0.1,2048,1,19.8198739,206.6612543,,817.4414208,,,0.252815,
Nvidia H100 GPU,2,vLLM,mistralai/Mixtral-8x7B-v0.1,128,16,2.506550956,1634.117986,,1042.0705,,,1.568145,
Nvidia H100 GPU,2,vLLM,mistralai/Mixtral-8x7B-v0.1,256,16,5.159718585,1587.683488,,1043.738196,,,1.521151,
Nvidia H100 GPU,2,vLLM,mistralai/Mixtral-8x7B-v0.1,512,16,10.57008247,1550.035209,,1036.015644,,,1.49615,
Nvidia H100 GPU,2,vLLM,mistralai/Mixtral-8x7B-v0.1,1024,16,22.26795551,1471.531591,,1025.991545,,,1.434253,
Nvidia H100 GPU,2,vLLM,mistralai/Mixtral-8x7B-v0.1,2048,16,45.90801525,1427.55028,,1032.725604,,,1.382313,
Nvidia H100 GPU,2,vLLM,mistralai/Mixtral-8x7B-v0.1,128,32,2.879656238,2844.784003,,1059.36969,,,2.685355,
Nvidia H100 GPU,2,vLLM,mistralai/Mixtral-8x7B-v0.1,256,32,5.902365917,2775.836034,,1061.082949,,,2.616041,
Nvidia H100 GPU,2,vLLM,mistralai/Mixtral-8x7B-v0.1,512,32,12.07652719,2713.362831,,1059.221083,,,2.561659,
Nvidia H100 GPU,2,vLLM,mistralai/Mixtral-8x7B-v0.1,1024,32,25.26307212,2594.142141,,1054.725323,,,2.459543,
Nvidia H100 GPU,2,vLLM,mistralai/Mixtral-8x7B-v0.1,2048,32,55.12774168,2377.605104,,1050.069121,,,2.264237,
Nvidia H100 GPU,2,vLLM,mistralai/Mixtral-8x7B-v0.1,128,64,3.354572271,4884.080198,,1087.072882,,,4.492873,
Nvidia H100 GPU,2,vLLM,mistralai/Mixtral-8x7B-v0.1,256,64,6.823100957,4802.50845,,1084.16013,,,4.429704,
Nvidia H100 GPU,2,vLLM,mistralai/Mixtral-8x7B-v0.1,512,64,14.14023915,4634.716522,,1084.773455,,,4.27252,
Nvidia H100 GPU,2,vLLM,mistralai/Mixtral-8x7B-v0.1,1024,64,30.34585845,4319.271449,,1090.823559,,,3.959643,
Nvidia H100 GPU,2,vLLM,mistralai/Mixtral-8x7B-v0.1,2048,64,68.88518227,3805.520888,,1091.140097,,,3.487656,
Nvidia H100 GPU,4,vLLM,mistralai/Mixtral-8x7B-v0.1,128,1,0.838211115,305.4123185,,1146.79,,,0.266319,
Nvidia H100 GPU,4,vLLM,mistralai/Mixtral-8x7B-v0.1,256,1,1.648548237,310.5762928,,1155.281765,,,0.268832,
Nvidia H100 GPU,4,vLLM,mistralai/Mixtral-8x7B-v0.1,512,1,4.518501414,226.6238087,,1164.145152,,,0.19467,
Nvidia H100 GPU,4,vLLM,mistralai/Mixtral-8x7B-v0.1,1024,1,8.767094621,233.6007638,,1166.240424,,,0.200302,
Nvidia H100 GPU,4,vLLM,mistralai/Mixtral-8x7B-v0.1,2048,1,14.87255499,275.4066132,,1179.698295,,,0.233455,
Nvidia H100 GPU,4,vLLM,mistralai/Mixtral-8x7B-v0.1,128,16,1.604121961,2553.42181,,1602.359235,,,1.593539,
Nvidia H100 GPU,4,vLLM,mistralai/Mixtral-8x7B-v0.1,256,16,3.304137873,2479.315427,,1610.239118,,,1.539719,
Nvidia H100 GPU,4,vLLM,mistralai/Mixtral-8x7B-v0.1,512,16,6.952815329,2356.455511,,1586.682235,,,1.485146,
Nvidia H100 GPU,4,vLLM,mistralai/Mixtral-8x7B-v0.1,1024,16,14.49321659,2260.919775,,1588.153438,,,1.423615,
Nvidia H100 GPU,4,vLLM,mistralai/Mixtral-8x7B-v0.1,2048,16,29.62893635,2211.891754,,1606.770704,,,1.376607,
Nvidia H100 GPU,4,vLLM,mistralai/Mixtral-8x7B-v0.1,128,32,1.859705248,4404.999129,,1642.794474,,,2.681406,
Nvidia H100 GPU,4,vLLM,mistralai/Mixtral-8x7B-v0.1,256,32,3.789594741,4323.417442,,1618.020487,,,2.672041,
Nvidia H100 GPU,4,vLLM,mistralai/Mixtral-8x7B-v0.1,512,32,7.952115976,4120.664248,,1630.628519,,,2.52704,
Nvidia H100 GPU,4,vLLM,mistralai/Mixtral-8x7B-v0.1,1024,32,17.22692695,3804.276886,,1599.630567,,,2.378222,
Nvidia H100 GPU,4,vLLM,mistralai/Mixtral-8x7B-v0.1,2048,32,36.70586906,3570.873088,,1607.383347,,,2.221544,
Nvidia H100 GPU,4,vLLM,mistralai/Mixtral-8x7B-v0.1,128,64,2.295382415,7137.808451,,1595.273,,,4.474349,
Nvidia H100 GPU,4,vLLM,mistralai/Mixtral-8x7B-v0.1,256,64,4.618308006,7095.2392,,1591.312792,,,4.458733,
Nvidia H100 GPU,4,vLLM,mistralai/Mixtral-8x7B-v0.1,512,64,9.669730619,6777.438026,,1596.155857,,,4.2461,
Nvidia H100 GPU,4,vLLM,mistralai/Mixtral-8x7B-v0.1,1024,64,21.26990065,6162.323094,,1594.658835,,,3.864352,
Nvidia H100 GPU,4,vLLM,mistralai/Mixtral-8x7B-v0.1,2048,64,49.23225776,5324.639006,,1564.267339,,,3.403919,
Nvidia H100 GPU,1,vLLM,Qwen/Qwen2-7B,128,1,1.041121001,245.8888061,,584.0487273,,,0.421007,
Nvidia H100 GPU,1,vLLM,Qwen/Qwen2-7B,256,1,2.082001876,245.9171655,,593.6587619,,,0.41424,
Nvidia H100 GPU,1,vLLM,Qwen/Qwen2-7B,512,1,4.168167361,245.6715173,,594.7486905,,,0.413068,
Nvidia H100 GPU,1,vLLM,Qwen/Qwen2-7B,1024,1,8.359316114,244.9961183,,594.7410476,,,0.411937,
Nvidia H100 GPU,1,vLLM,Qwen/Qwen2-7B,2048,1,16.80836718,243.6881558,,596.1258817,,,0.408786,
Nvidia H100 GPU,1,vLLM,Qwen/Qwen2-7B,128,16,1.212672451,3377.663934,,626.7909167,,,5.388821,
Nvidia H100 GPU,1,vLLM,Qwen/Qwen2-7B,256,16,2.330141434,3515.666423,,628.6468333,,,5.592435,
Nvidia H100 GPU,1,vLLM,Qwen/Qwen2-7B,512,16,4.878800975,3358.202166,,619.91652,,,5.417185,
Nvidia H100 GPU,1,vLLM,Qwen/Qwen2-7B,1024,16,10.61577954,3086.725745,,613.8337736,,,5.028602,
Nvidia H100 GPU,1,vLLM,Qwen/Qwen2-7B,2048,16,22.87006805,2865.57958,,621.2228478,,,4.612805,
Nvidia H100 GPU,1,vLLM,Qwen/Qwen2-7B,128,32,1.384850201,5915.441248,,620.7839286,,,9.528986,
Nvidia H100 GPU,1,vLLM,Qwen/Qwen2-7B,256,32,2.730352645,6000.690068,,613.2651724,,,9.784821,
Nvidia H100 GPU,1,vLLM,Qwen/Qwen2-7B,512,32,5.800562318,5649.107484,,621.5522542,,,9.088709,
Nvidia H100 GPU,1,vLLM,Qwen/Qwen2-7B,1024,32,12.70292503,5159.126724,,622.9379922,,,8.281927,
Nvidia H100 GPU,1,vLLM,Qwen/Qwen2-7B,2048,32,29.89788752,4383.988665,,620.8354381,,,7.061434,
Nvidia H100 GPU,1,vLLM,Qwen/Qwen2-7B,128,64,1.727833883,9482.393046,,636.2851111,,,14.902742,
Nvidia H100 GPU,1,vLLM,Qwen/Qwen2-7B,256,64,3.592861366,9120.307371,,642.75175,,,14.189471,
Nvidia H100 GPU,1,vLLM,Qwen/Qwen2-7B,512,64,7.603187693,8619.542572,,646.1710779,,,13.339413,
Nvidia H100 GPU,1,vLLM,Qwen/Qwen2-7B,1024,64,17.16912501,7634.168889,,648.8680988,,,11.765363,
Nvidia H100 GPU,1,vLLM,Qwen/Qwen2-7B,2048,64,41.79404102,6272.281731,,653.3475524,,,9.600222,
Nvidia H100 GPU,2,vLLM,Qwen/Qwen2-7B,128,1,0.785144053,326.0548164,,747.478375,,,0.436206,
Nvidia H100 GPU,2,vLLM,Qwen/Qwen2-7B,256,1,1.545701122,331.2412683,,757.4011875,,,0.437339,
Nvidia H100 GPU,2,vLLM,Qwen/Qwen2-7B,512,1,3.084789468,331.9513408,,761.3669355,,,0.435994,
Nvidia H100 GPU,2,vLLM,Qwen/Qwen2-7B,1024,1,6.189044129,330.907319,,767.2164516,,,0.431309,
Nvidia H100 GPU,2,vLLM,Qwen/Qwen2-7B,2048,1,12.42694588,329.6063281,,771.46492,,,0.427247,
Nvidia H100 GPU,2,vLLM,Qwen/Qwen2-7B,128,16,0.9267162,4419.907626,,777.1371,,,5.687423,
Nvidia H100 GPU,2,vLLM,Qwen/Qwen2-7B,256,16,1.903079625,4304.601811,,762.7524,,,5.643511,
Nvidia H100 GPU,2,vLLM,Qwen/Qwen2-7B,512,16,4.00444261,4091.455815,,767.3627805,,,5.33184,
Nvidia H100 GPU,2,vLLM,Qwen/Qwen2-7B,1024,16,8.622470218,3800.303065,,763.2319419,,,4.979224,
Nvidia H100 GPU,2,vLLM,Qwen/Qwen2-7B,2048,16,17.99014083,3642.884213,,779.0550275,,,4.676029,
Nvidia H100 GPU,2,vLLM,Qwen/Qwen2-7B,128,32,1.089031988,7522.276748,,776.5972727,,,9.6862,
Nvidia H100 GPU,2,vLLM,Qwen/Qwen2-7B,256,32,2.324573487,7048.174683,,777.3453043,,,9.06698,
Nvidia H100 GPU,2,vLLM,Qwen/Qwen2-7B,512,32,4.812179182,6809.389002,,763.743551,,,8.915806,
Nvidia H100 GPU,2,vLLM,Qwen/Qwen2-7B,1024,32,10.5813003,6193.56772,,760.9002617,,,8.139789,
Nvidia H100 GPU,2,vLLM,Qwen/Qwen2-7B,2048,32,23.75071737,5518.654361,,774.9481083,,,7.121321,
Nvidia H100 GPU,2,vLLM,Qwen/Qwen2-7B,128,64,1.410436339,11616.26339,,769.6776875,,,15.092374,
Nvidia H100 GPU,2,vLLM,Qwen/Qwen2-7B,256,64,3.089478521,10606.3207,,760.4925484,,,13.946646,
Nvidia H100 GPU,2,vLLM,Qwen/Qwen2-7B,512,64,6.41529986,10215.57861,,778.4529063,,,13.122924,
Nvidia H100 GPU,2,vLLM,Qwen/Qwen2-7B,1024,64,14.52515969,9023.790638,,771.1393691,,,11.701893,
Nvidia H100 GPU,2,vLLM,Qwen/Qwen2-7B,2048,64,35.1998075,7447.313455,,774.1182885,,,9.620382,
Nvidia H100 GPU,4,vLLM,Qwen/Qwen2-7B,128,1,0.764286501,334.9529263,,951.3795,,,0.352071,
Nvidia H100 GPU,4,vLLM,Qwen/Qwen2-7B,256,1,1.527015025,335.2946707,,938.108,,,0.357416,
Nvidia H100 GPU,4,vLLM,Qwen/Qwen2-7B,512,1,3.04827488,335.9277101,,960.6724063,,,0.34968,
Nvidia H100 GPU,4,vLLM,Qwen/Qwen2-7B,1024,1,4.705979804,435.1909879,,1093.049583,,,0.398144,
Nvidia H100 GPU,4,vLLM,Qwen/Qwen2-7B,2048,1,9.426557839,434.517039,,1098.7054,,,0.395481,
Nvidia H100 GPU,4,vLLM,Qwen/Qwen2-7B,128,16,0.724496547,5653.581123,,1097.39,,,5.151843,
Nvidia H100 GPU,4,vLLM,Qwen/Qwen2-7B,256,16,1.502444656,5452.447095,,1103.684188,,,4.940224,
Nvidia H100 GPU,4,vLLM,Qwen/Qwen2-7B,512,16,3.175431013,5159.614532,,1091.252258,,,4.728159,
Nvidia H100 GPU,4,vLLM,Qwen/Qwen2-7B,1024,16,6.346816782,5162.903094,,1118.334719,,,4.616599,
Nvidia H100 GPU,4,vLLM,Qwen/Qwen2-7B,2048,16,13.58369393,4824.608118,,1125.771978,,,4.2856,
Nvidia H100 GPU,4,vLLM,Qwen/Qwen2-7B,128,32,0.911994606,8982.509269,,1059.3043,,,8.479631,
Nvidia H100 GPU,4,vLLM,Qwen/Qwen2-7B,256,32,1.888577579,8675.312141,,1053.9963,,,8.230875,
Nvidia H100 GPU,4,vLLM,Qwen/Qwen2-7B,512,32,4.163353535,7870.578303,,1050.373659,,,7.493122,
Nvidia H100 GPU,4,vLLM,Qwen/Qwen2-7B,1024,32,8.98372236,7294.971658,,1038.792835,,,7.022547,
Nvidia H100 GPU,4,vLLM,Qwen/Qwen2-7B,2048,32,19.54999485,6704.451894,,1064.692051,,,6.297081,
Nvidia H100 GPU,4,vLLM,Qwen/Qwen2-7B,128,64,1.255487382,13049.91212,,1051.434083,,,12.411536,
Nvidia H100 GPU,4,vLLM,Qwen/Qwen2-7B,256,64,2.428159626,13494.99417,,1050.782846,,,12.8428,
Nvidia H100 GPU,4,vLLM,Qwen/Qwen2-7B,512,64,5.468567072,11984.12658,,1046.836091,,,11.447949,
Nvidia H100 GPU,4,vLLM,Qwen/Qwen2-7B,1024,64,12.64734169,10363.60076,,1047.323516,,,9.895319,
Nvidia H100 GPU,4,vLLM,Qwen/Qwen2-7B,2048,64,29.63063403,8847.060098,,1049.602973,,,8.428959,
Nvidia A100 GPU,1,Deepspeed-MII,meta-llama/Llama-2-7b-hf,1024,1,15.73628044,130.1451132,,397.4692403,,,0.327434,
Nvidia A100 GPU,1,Deepspeed-MII,meta-llama/Llama-2-7b-hf,1024,16,26.13545728,1253.775652,,506.7423711,,,2.474188,
Nvidia A100 GPU,1,Deepspeed-MII,meta-llama/Llama-2-7b-hf,1024,32,44.72714329,1465.240013,,528.0441697,,,2.774844,
Nvidia A100 GPU,1,Deepspeed-MII,meta-llama/Llama-2-7b-hf,1024,64,90.94797015,1441.17565,,536.0005888,,,2.688758,
Nvidia A100 GPU,1,Deepspeed-MII,meta-llama/Meta-Llama-3-8B,1024,1,17.08862042,119.845836,,403.8974759,,,0.296723,
Nvidia A100 GPU,1,Deepspeed-MII,meta-llama/Meta-Llama-3-8B,1024,16,26.03937054,1258.402155,,486.6427843,,,2.585885,
Nvidia A100 GPU,1,Deepspeed-MII,meta-llama/Meta-Llama-3-8B,1024,32,37.60506272,1742.744068,,510.7310081,,,3.412254,
Nvidia A100 GPU,1,Deepspeed-MII,meta-llama/Meta-Llama-3-8B,1024,64,58.92530084,2224.375576,,543.6036752,,,4.091907,
Nvidia A100 GPU,1,Deepspeed-MII,mistralai/Mistral-7B-v0.1,1024,1,16.29205513,125.7054425,,393.5438239,,,0.319419,
Nvidia A100 GPU,1,Deepspeed-MII,mistralai/Mistral-7B-v0.1,1024,16,24.78806281,1321.926616,,482.9899342,,,2.736965,
Nvidia A100 GPU,1,Deepspeed-MII,mistralai/Mistral-7B-v0.1,1024,32,36.00966907,1819.955631,,510.3498254,,,3.566094,
Nvidia A100 GPU,1,Deepspeed-MII,mistralai/Mistral-7B-v0.1,1024,64,56.37556076,2324.979091,,543.4326797,,,4.27832,
Nvidia H100 GPU,1,vLLM,Deci/DeciLM-7B,128,1,0.975019376,262.5588848,,575408.2,,,0.456300214,
Nvidia H100 GPU,1,vLLM,Deci/DeciLM-7B,256,1,1.950589637,262.484733,,584077.6,,,0.449400444,
Nvidia H100 GPU,1,vLLM,Deci/DeciLM-7B,512,1,3.891758125,263.1201547,,587538.2308,,,0.447834951,
Nvidia H100 GPU,1,vLLM,Deci/DeciLM-7B,1024,1,7.81839533,261.9463347,,590765.1899,,,0.443401777,
Nvidia H100 GPU,1,vLLM,Deci/DeciLM-7B,2048,1,15.74732748,260.1076281,,597510.0318,,,0.435319265,
Nvidia H100 GPU,1,vLLM,Deci/DeciLM-7B,128,16,1.127029787,3634.331628,,615296.5,,,5.906634651,
Nvidia H100 GPU,1,vLLM,Deci/DeciLM-7B,256,16,2.327035268,3520.359194,,616752.125,,,5.707899577,
Nvidia H100 GPU,1,vLLM,Deci/DeciLM-7B,512,16,4.961230074,3302.406814,,611026.0204,,,5.404690968,
Nvidia H100 GPU,1,vLLM,Deci/DeciLM-7B,1024,16,10.73743651,3051.75262,,604777.5278,,,5.046074762,
Nvidia H100 GPU,1,vLLM,Deci/DeciLM-7B,2048,16,23.20617972,2824.075346,,613374.1931,,,4.604163946,
Nvidia H100 GPU,1,vLLM,Deci/DeciLM-7B,128,32,1.290492913,6347.962021,,601788.3571,,,10.5484959,
Nvidia H100 GPU,1,vLLM,Deci/DeciLM-7B,256,32,2.662293376,6154.092613,,613506.3929,,,10.03101628,
Nvidia H100 GPU,1,vLLM,Deci/DeciLM-7B,512,32,5.67914611,5769.881487,,614188.5862,,,9.394315714,
Nvidia H100 GPU,1,vLLM,Deci/DeciLM-7B,1024,32,12.55752158,5218.864215,,619326.619,,,8.426675125,
Nvidia H100 GPU,1,vLLM,Deci/DeciLM-7B,2048,32,29.75958078,4404.363119,,619768.46,,,7.106465403,
Nvidia H100 GPU,1,vLLM,Deci/DeciLM-7B,128,64,1.58188679,10357.25192,,613376.9412,,,16.88562323,
Nvidia H100 GPU,1,vLLM,Deci/DeciLM-7B,256,64,3.425434035,9566.087002,,616244.4286,,,15.52320242,
Nvidia H100 GPU,1,vLLM,Deci/DeciLM-7B,512,64,7.324129625,8947.957417,,626546.3108,,,14.2813983,
Nvidia H100 GPU,1,vLLM,Deci/DeciLM-7B,1024,64,16.69396027,7851.462318,,631419.1071,,,12.43462896,
Nvidia H100 GPU,1,vLLM,Deci/DeciLM-7B,2048,64,41.45386862,6323.752372,,636450.4293,,,9.93597,
Nvidia H100 GPU,2,vLLM,Deci/DeciLM-7B,128,1,0.775399969,330.1521927,,715008.25,,,0.461745991,
Nvidia H100 GPU,2,vLLM,Deci/DeciLM-7B,256,1,1.545045358,331.3818571,,724946.5625,,,0.457112116,
Nvidia H100 GPU,2,vLLM,Deci/DeciLM-7B,512,1,3.073609888,333.1587408,,727032.1935,,,0.458244826,
Nvidia H100 GPU,2,vLLM,Deci/DeciLM-7B,1024,1,6.168946312,331.9853823,,730455.2857,,,0.45449104,
Nvidia H100 GPU,2,vLLM,Deci/DeciLM-7B,2048,1,12.43335644,329.4363851,,735238.3968,,,0.448067438,
Nvidia H100 GPU,2,vLLM,Deci/DeciLM-7B,128,16,0.924282687,4431.544654,,752454,,,5.889455905,
Nvidia H100 GPU,2,vLLM,Deci/DeciLM-7B,256,16,1.911382704,4285.902547,,751384.8,,,5.704004855,
Nvidia H100 GPU,2,vLLM,Deci/DeciLM-7B,512,16,4.02110735,4074.499528,,747947.0488,,,5.447577519,
Nvidia H100 GPU,2,vLLM,Deci/DeciLM-7B,1024,16,8.728667558,3754.066675,,744889.2184,,,5.039765085,
Nvidia H100 GPU,2,vLLM,Deci/DeciLM-7B,2048,16,18.24467736,3592.061329,,762116.6703,,,4.713269593,
Nvidia H100 GPU,2,vLLM,Deci/DeciLM-7B,128,32,1.072143513,7640.768144,,757990.5455,,,10.08029479,
Nvidia H100 GPU,2,vLLM,Deci/DeciLM-7B,256,32,2.220353374,7379.005609,,754058.2917,,,9.785723054,
Nvidia H100 GPU,2,vLLM,Deci/DeciLM-7B,512,32,4.714650493,6950.250087,,750799.1633,,,9.257136165,
Nvidia H100 GPU,2,vLLM,Deci/DeciLM-7B,1024,32,10.67630823,6138.451475,,750366.8426,,,8.180600643,
Nvidia H100 GPU,2,vLLM,Deci/DeciLM-7B,2048,32,23.96829545,5468.557423,,768084.029,,,7.119738487,
Nvidia H100 GPU,2,vLLM,Deci/DeciLM-7B,128,64,1.451461002,11287.93676,,740176.1429,,,15.25033854,
Nvidia H100 GPU,2,vLLM,Deci/DeciLM-7B,256,64,2.92645021,11197.1835,,755685.0667,,,14.81726184,
Nvidia H100 GPU,2,vLLM,Deci/DeciLM-7B,512,64,6.361162918,10302.51871,,750205.0156,,,13.73293766,
Nvidia H100 GPU,2,vLLM,Deci/DeciLM-7B,1024,64,14.29972998,9166.047202,,762034.5486,,,12.02838798,
Nvidia H100 GPU,2,vLLM,Deci/DeciLM-7B,2048,64,35.44607419,7395.572175,,764007.8222,,,9.679969183,
Nvidia H100 GPU,4,vLLM,Deci/DeciLM-7B,128,1,0.6124781,417.9741284,,1020540.286,,,0.409561616,
Nvidia H100 GPU,4,vLLM,Deci/DeciLM-7B,256,1,1.20383682,425.3068119,,1042603.308,,,0.407927741,
Nvidia H100 GPU,4,vLLM,Deci/DeciLM-7B,512,1,2.394450434,427.6555428,,1050509.417,,,0.407093488,
Nvidia H100 GPU,4,vLLM,Deci/DeciLM-7B,1024,1,4.80249483,426.4450192,,1056080.49,,,0.403799732,
Nvidia H100 GPU,4,vLLM,Deci/DeciLM-7B,2048,1,9.625781039,425.5239116,,1064461.309,,,0.39975517,
Nvidia H100 GPU,4,vLLM,Deci/DeciLM-7B,128,16,0.739240405,5540.822678,,1055577.75,,,5.249090063,
Nvidia H100 GPU,4,vLLM,Deci/DeciLM-7B,256,16,1.5324742,5345.603861,,1038235.294,,,5.148740262,
Nvidia H100 GPU,4,vLLM,Deci/DeciLM-7B,512,16,3.140626454,5216.793605,,1080801.031,,,4.826784444,
Nvidia H100 GPU,4,vLLM,Deci/DeciLM-7B,1024,16,6.513089104,5031.099602,,1094201.582,,,4.597964109,
Nvidia H100 GPU,4,vLLM,Deci/DeciLM-7B,2048,16,13.82455916,4740.548993,,1112588.866,,,4.260827281,
Nvidia H100 GPU,4,vLLM,Deci/DeciLM-7B,128,32,0.882120723,9286.710749,,1100748,,,8.436727342,
Nvidia H100 GPU,4,vLLM,Deci/DeciLM-7B,256,32,1.842205196,8893.688952,,1097401.947,,,8.104313077,
Nvidia H100 GPU,4,vLLM,Deci/DeciLM-7B,512,32,4.072980876,8045.213321,,1091262.9,,,7.372387828,
Nvidia H100 GPU,4,vLLM,Deci/DeciLM-7B,1024,32,8.884538746,7376.409949,,1074623.256,,,6.864182318,
Nvidia H100 GPU,4,vLLM,Deci/DeciLM-7B,2048,32,19.57963014,6694.304186,,1095540.364,,,6.110504376,
Nvidia H100 GPU,4,vLLM,Deci/DeciLM-7B,128,64,1.194622056,13714.79784,,1060084.417,,,12.93745821,
Nvidia H100 GPU,4,vLLM,Deci/DeciLM-7B,256,64,2.60423308,12582.59111,,1040820.185,,,12.08911135,
Nvidia H100 GPU,4,vLLM,Deci/DeciLM-7B,512,64,5.527170966,11857.0604,,1060060.518,,,11.18526745,
Nvidia H100 GPU,4,vLLM,Deci/DeciLM-7B,1024,64,12.95682192,10116.06093,,1035721.038,,,9.767167563,
Nvidia H100 GPU,4,vLLM,Deci/DeciLM-7B,2048,64,30.40617927,8621.405462,,1051781.006,,,8.196958691,